name,gender,attendance_rate,avg_grade,absences_last_month,distance_km,num_siblings,fee_arrears,dropped_out
Purity Njoroge,M,82.5,83.2,13,3.2,6,1835,0
Dennis Rotich,F,72.9,74.6,14,5.3,7,1935,0
Cynthia Owino,M,84.7,59.1,5,4.1,7,4584,0
Usha Auma,M,97.8,46.4,10,5.8,6,4161,0
Kezia Waweru,M,71.5,70.6,2,5.4,4,1831,0
Purity Owino,F,71.5,65.1,7,0.6,6,5606,0
Irene Kariuki,M,98.7,74.1,2,8.0,4,364,0
Xavier Nyambura,F,86.5,69.4,13,0.7,5,885,0
Yvonne Kamau,M,68.0,76.9,11,6.0,1,5280,0
Irene Juma,M,83.1,48.4,12,2.7,2,1424,0
Caroline Kariuki,F,68.0,81.7,12,3.6,4,11919,0
Cynthia Nyambura,F,68.0,61.6,1,11.7,6,1884,0
Francis Odhiambo,F,78.6,95.4,12,11.0,6,4710,0
Amina Kibet,F,46.3,45.6,12,8.5,0,1544,1
Amina Muthoni,F,49.1,89.2,2,3.6,6,1660,1
Francis Simiyu,M,66.6,61.6,10,6.7,1,1448,0
Brian Mutua,M,59.8,46.3,5,3.6,3,3809,0
Oliver Simiyu,F,79.7,49.3,1,10.2,3,2379,0
Zainab Chebet,M,61.4,52.2,7,2.6,6,8635,0
Zainab Moraa,M,53.8,65.6,0,17.6,0,867,1
Grace Chebet,M,97.0,67.4,6,13.5,4,318,0
Zainab Adhiambo,F,71.6,47.7,1,6.8,1,1499,0
Aisha Mwangi,M,76.0,57.6,9,1.6,0,2877,0
Quinter Chebet,M,53.6,96.6,11,0.7,4,5916,1
Hassan Waweru,M,66.8,89.1,5,9.6,1,1275,0
Zainab Njenga,F,76.7,65.9,11,0.9,6,3182,0
Xavier Simiyu,M,57.7,58.7,1,9.6,3,1293,0
Vincent Nyambura,M,80.6,60.2,1,3.4,1,2881,0
Robert Chebet,F,66.0,69.0,9,2.6,6,6483,0
Robert Muthoni,F,70.6,39.6,12,11.7,5,789,0
Zainab Achieng,M,66.0,53.4,7,4.6,2,1554,0
Boniface Otieno,M,100.0,28.0,14,4.3,1,15001,1
Hassan Nyambura,F,74.8,65.2,14,4.1,2,6088,0
Vincent Mwangi,F,59.1,69.6,11,2.3,1,2495,0
Vincent Wekesa,F,87.3,49.3,1,7.7,2,2181,0
Dennis Juma,F,56.7,86.3,6,1.5,5,1005,0
Boniface Otieno,F,78.1,35.9,2,14.0,3,2185,0
Kezia Koech,F,45.6,31.6,7,11.2,7,5655,1
Quinter Njenga,F,55.1,62.0,6,2.1,4,3467,0
Grace Waweru,M,78.0,76.8,13,6.5,2,1028,0
Dennis Kibet,F,86.1,88.3,7,4.3,5,675,0
Sharon Rotich,F,77.6,49.7,13,2.1,2,925,0
Oliver Koech,M,73.3,77.4,6,22.3,3,558,0
Esther Muthoni,F,70.5,57.3,10,0.1,2,302,0
Oliver Auma,F,52.8,54.9,5,1.5,5,1630,1
Kezia Rotich,M,64.2,73.9,12,3.7,6,361,0
Brian Nyambura,F,68.1,69.7,6,3.7,5,566,0
Oliver Nyambura,M,90.9,29.6,4,4.4,7,2378,1
David Moraa,M,80.2,84.6,6,7.0,7,540,0
Robert Kariuki,M,48.6,82.8,0,4.9,7,198,1
Wanjiku Wekesa,M,79.9,46.7,0,4.6,0,1145,0
Kezia Adhiambo,F,69.2,65.1,8,0.3,3,747,0
Brian Njoroge,M,64.8,66.9,13,2.4,6,2173,0
Caroline Koech,M,84.2,62.7,4,1.3,0,324,0
Esther Auma,F,90.5,48.1,12,1.5,3,4180,0
Wanjiku Auma,M,89.0,45.9,4,4.0,6,7101,0
Naomi Moraa,M,62.4,57.5,2,1.1,2,4081,0
James Otieno,M,70.4,79.1,4,1.7,6,2283,0
Irene Otieno,M,80.0,67.8,2,1.4,5,5913,0
Kezia Rotich,F,89.6,51.3,8,14.8,0,3562,0
Linet Otieno,M,67.8,71.9,8,14.5,2,32,0
Usha Odhiambo,F,72.2,6.7,5,4.7,5,1503,1
Naomi Adhiambo,F,58.4,78.7,14,12.9,3,5710,0
Boniface Koech,M,57.1,26.7,0,7.7,6,1273,1
Grace Juma,M,87.2,51.5,6,4.5,5,108,0
James Koech,M,95.3,37.8,6,0.0,2,4113,0
Oliver Wekesa,M,73.9,34.7,13,7.4,0,4859,1
Purity Moraa,F,90.1,78.9,9,6.1,0,525,0
Usha Nyambura,F,80.4,49.6,9,4.8,7,2312,0
Linet Auma,F,65.3,64.2,3,7.1,6,639,0
Wanjiku Simiyu,M,80.4,57.2,7,3.6,5,3811,0
Esther Waweru,F,98.1,66.6,5,6.1,7,951,0
Boniface Chebet,M,74.5,59.4,3,13.7,2,1140,0
Hassan Achieng,M,98.5,34.9,3,2.4,7,5592,1
Yvonne Wekesa,M,35.7,75.9,1,6.2,1,1941,1
Cynthia Muthoni,M,87.3,49.1,13,3.2,3,3324,0
Usha Auma,M,76.3,30.0,1,5.6,7,1544,1
Amina Njoroge,F,70.5,50.3,11,7.2,3,1061,0
Sharon Owino,F,76.4,85.0,13,0.2,2,2946,0
Quinter Koech,M,45.2,73.3,3,5.2,1,505,1
Brian Kariuki,F,71.7,51.7,4,1.3,0,1400,0
Vincent Chebet,M,80.4,51.7,7,5.5,6,704,0
Cynthia Rotich,M,97.2,52.2,14,3.2,4,3570,0
David Rotich,M,67.2,95.4,5,7.4,4,8658,0
Moses Kamau,F,62.9,64.9,13,0.7,6,16218,1
Brian Mutua,M,67.5,65.7,14,4.9,2,1795,0
Wanjiku Owino,M,88.7,76.5,3,1.6,1,873,0
Grace Chebet,F,79.9,62.3,12,9.6,1,1755,0
Linet Owino,F,67.1,53.3,10,13.2,3,5637,0
Naomi Kariuki,F,82.7,54.5,6,28.1,0,692,0
Sharon Adhiambo,M,76.5,56.7,7,7.9,5,9116,0
Francis Auma,M,89.5,57.3,1,7.0,7,1255,0
Xavier Muthoni,F,64.5,71.1,11,1.2,1,12764,1
Xavier Adhiambo,M,70.1,58.9,6,2.0,6,5472,0
Francis Kamau,F,69.1,71.2,14,3.1,5,4960,0
Hassan Mutua,F,53.0,56.5,13,7.4,4,1148,1
Oliver Koech,M,79.4,59.4,1,12.3,5,26,0
Vincent Moraa,M,78.9,22.0,1,1.0,0,1444,1
Xavier Osei,F,75.1,74.5,7,12.8,6,1078,0
Robert Rotich,F,71.5,64.2,1,5.9,0,114,0
Linet Koech,F,53.8,76.0,14,4.7,5,2112,1
Boniface Njoroge,F,68.7,5.9,10,1.1,7,1548,1
Boniface Odhiambo,M,69.9,95.6,8,0.3,2,3020,0
Wanjiku Juma,F,63.0,55.5,11,4.2,1,2912,0
Brian Koech,F,72.6,77.9,0,5.3,6,386,0
Vincent Mwangi,F,81.1,39.3,14,1.2,2,11312,0
Cynthia Nyambura,M,100.0,69.0,8,4.1,5,621,0
Caroline Mwangi,M,77.6,39.0,14,9.7,1,1768,0
Boniface Auma,F,78.9,46.8,0,9.0,3,2009,0
Naomi Auma,M,73.9,92.5,9,13.1,2,5031,0
Boniface Adhiambo,M,46.2,54.6,12,2.3,2,314,1
Hassan Mwangi,M,74.6,61.9,9,1.9,5,1679,0
Vincent Simiyu,F,75.9,73.7,1,6.9,4,2971,0
Usha Njoroge,F,100.0,66.9,5,2.8,5,727,0
David Waweru,M,72.1,60.7,5,0.5,2,2962,0
Esther Osei,F,79.5,64.6,0,1.7,1,7718,0
Quinter Kamau,F,74.5,100.0,6,2.7,7,17996,1
Dennis Njoroge,M,57.5,57.0,7,1.7,4,99,0
Grace Mutua,M,92.1,61.6,1,2.0,5,806,0
Zainab Muthoni,F,86.3,76.9,7,1.7,7,1115,0
Brian Odhiambo,M,86.9,77.9,8,0.2,6,1528,0
Hassan Odhiambo,F,61.4,79.4,5,5.1,5,832,0
Dennis Odhiambo,F,96.0,69.5,4,4.5,2,683,0
Boniface Chebet,M,54.0,37.4,11,5.3,7,9274,1
Usha Auma,F,83.8,87.4,8,1.1,2,7522,0
Francis Waweru,F,100.0,37.4,12,1.8,3,144,0
James Auma,M,60.1,63.4,11,4.8,7,1241,0
Linet Njenga,M,66.5,44.4,10,4.6,7,1558,0
Yvonne Odhiambo,M,76.5,56.8,8,3.5,5,819,0
Francis Muthoni,F,67.4,63.9,0,2.2,2,2974,0
Cynthia Rotich,M,51.7,63.8,10,12.2,6,3068,1
Oliver Mwangi,M,76.0,65.6,2,2.1,0,5701,0
Zainab Nyambura,M,59.1,87.0,8,3.0,4,4051,0
Sharon Njenga,M,82.1,66.2,10,5.7,0,2346,0
Boniface Koech,F,61.2,53.6,1,3.9,4,3180,0
Hassan Otieno,F,98.2,75.4,11,2.1,6,961,0
Wanjiku Odhiambo,M,63.3,79.4,3,2.9,7,2697,0
Wanjiku Odhiambo,F,70.2,35.9,3,7.9,7,2015,0
Naomi Kamau,M,87.2,68.8,1,1.6,5,429,0
James Wekesa,M,56.5,70.6,14,0.8,3,833,0
Zainab Achieng,F,78.4,52.6,2,1.9,2,1035,0
Purity Wekesa,F,94.6,82.8,12,9.5,2,7743,0
Robert Achieng,M,50.9,55.3,2,0.5,2,786,1
Purity Simiyu,M,77.8,60.3,0,24.0,5,1024,0
James Nyambura,F,78.9,54.9,5,3.9,4,1383,0
Naomi Rotich,M,86.7,58.3,7,20.9,7,3270,0
Yvonne Wekesa,F,56.4,38.3,11,14.0,6,378,0
Grace Kibet,M,55.2,32.1,2,3.0,2,9234,1
Oliver Njenga,M,82.8,86.7,4,1.1,0,6020,0
Aisha Njoroge,F,79.5,42.8,0,0.9,2,2583,0
James Waweru,F,78.8,40.2,9,1.4,7,3363,0
Sharon Wekesa,F,80.2,19.2,6,6.2,5,50,1
Boniface Juma,F,64.8,46.5,9,1.6,6,1242,0
Aisha Mutua,F,78.5,34.2,12,2.1,3,4764,1
Naomi Osei,F,79.4,87.6,0,3.0,6,242,0
Purity Mwangi,F,64.3,76.2,11,12.2,0,995,0
Sharon Moraa,M,100.0,45.6,10,1.0,2,2641,0
Cynthia Muthoni,M,82.1,98.5,8,0.0,2,889,0
Irene Auma,M,57.1,75.7,7,0.3,1,8153,0
Kezia Njenga,F,84.8,52.2,6,11.8,4,421,0
Brian Rotich,F,60.4,13.0,9,5.2,0,4789,1
Vincent Kariuki,F,86.8,99.2,14,1.6,1,2128,0
Kezia Njoroge,M,92.4,33.0,6,1.0,6,4163,1
Linet Kamau,F,62.7,28.4,4,1.7,3,1116,1
Irene Mutua,F,89.5,76.4,4,0.6,4,2168,0
Brian Osei,M,81.2,100.0,10,14.2,0,5831,0
James Kamau,F,87.3,82.9,12,7.7,2,1887,0
Linet Kibet,M,100.0,68.2,4,3.1,6,1338,0
Hassan Muthoni,M,71.3,68.7,0,10.0,0,2305,0
Vincent Osei,F,63.7,73.4,7,1.4,2,3791,0
Oliver Kariuki,F,61.7,71.7,11,6.3,7,1759,0
Linet Njoroge,F,62.8,63.1,10,9.7,4,8385,0
Moses Wekesa,M,73.8,59.9,0,2.2,7,1048,0
Aisha Osei,M,80.1,56.9,3,7.1,7,1936,0
Kezia Nyambura,M,79.2,44.4,14,1.7,2,4243,0
Amina Njoroge,F,87.4,52.9,8,1.8,3,3505,0
Esther Owino,F,75.2,27.5,13,0.6,6,5977,1
Dennis Njoroge,F,96.8,56.2,8,2.9,5,17242,1
Yvonne Mwangi,F,71.0,40.2,4,6.5,2,1670,0
Brian Achieng,M,100.0,38.1,3,14.1,3,353,0
Xavier Kibet,M,84.4,61.2,2,4.6,5,93,0
Cynthia Auma,M,62.1,83.1,2,9.9,6,3893,0
Grace Mutua,M,58.9,74.5,11,8.6,7,6215,0
Usha Moraa,F,82.2,29.7,4,1.0,4,748,1
Thomas Auma,F,71.6,40.2,9,3.3,4,518,0
Yvonne Otieno,F,85.7,74.9,0,0.6,6,193,0
Boniface Kibet,M,82.1,40.3,4,5.7,6,5190,0
Naomi Adhiambo,M,73.9,54.0,5,15.0,0,1119,0
Brian Chebet,F,62.3,67.9,6,0.7,3,1541,0
Vincent Koech,F,52.3,40.6,11,6.6,7,2096,1
Purity Njoroge,M,68.3,59.9,8,5.0,3,5488,0
Grace Koech,F,87.8,34.0,2,4.4,6,3157,1
Cynthia Owino,M,78.2,47.2,14,2.5,1,2864,0
Naomi Kariuki,M,56.3,63.8,1,2.2,1,580,0
Hassan Moraa,M,77.6,29.3,13,0.2,5,2160,1
Esther Njoroge,F,80.8,65.9,2,1.2,5,3770,0
Brian Mutua,F,61.7,57.6,11,0.1,1,10865,0
Linet Owino,M,77.3,67.9,8,4.4,6,675,0
Amina Mutua,F,75.9,62.0,11,0.6,6,29,0
Naomi Nyambura,M,57.9,82.6,6,10.3,5,235,0
Vincent Njenga,M,80.4,60.3,8,3.7,2,1414,0
Caroline Achieng,M,83.4,50.3,12,6.0,6,5153,0
Amina Owino,M,91.2,60.2,1,2.6,1,22,0
Caroline Simiyu,F,90.8,67.8,4,4.1,3,1830,0
Usha Juma,M,54.3,58.9,12,14.3,6,1198,1
Esther Mwangi,M,60.9,58.7,3,0.4,7,162,0
Francis Adhiambo,F,82.7,45.4,14,1.5,6,1795,0
Sharon Simiyu,M,82.7,46.1,1,7.6,2,882,0
Amina Nyambura,M,82.7,32.8,8,0.5,5,1301,1
Yvonne Mutua,F,100.0,89.5,8,0.4,6,3669,0
Naomi Njoroge,F,83.6,35.6,5,2.2,4,2212,0
James Achieng,F,92.0,45.5,10,0.5,0,399,0
Quinter Achieng,M,89.3,45.1,5,4.4,1,9765,0
Cynthia Koech,F,84.8,74.1,7,1.3,7,3031,0
Linet Mwangi,F,70.3,52.7,5,11.3,7,4356,0
Yvonne Owino,M,86.4,80.5,0,7.7,7,248,0
Quinter Koech,M,63.4,45.9,3,6.0,4,145,0
Dennis Moraa,M,71.4,63.0,12,4.8,7,59,0
David Odhiambo,M,67.7,43.0,6,10.0,7,628,0
Usha Chebet,M,76.2,96.6,12,1.3,5,1605,0
Grace Adhiambo,F,100.0,36.6,12,10.3,3,8238,0
Hassan Osei,F,47.0,63.6,1,7.8,0,1832,1
Xavier Moraa,F,85.3,69.4,8,6.9,4,1029,0
David Rotich,M,50.8,65.4,7,4.1,0,2476,1
Xavier Otieno,M,67.9,54.7,7,1.4,1,356,0
Moses Nyambura,M,91.3,55.7,6,2.8,5,2821,0
Francis Koech,F,76.0,58.8,3,7.9,6,2521,0
Wanjiku Waweru,F,58.8,55.4,1,0.2,3,4711,0
Thomas Njenga,M,64.3,75.3,2,7.6,5,12957,1
Grace Moraa,F,85.2,97.8,11,1.4,0,867,0
Caroline Koech,M,64.0,48.0,5,0.8,4,2138,0
Xavier Osei,F,78.2,33.3,11,0.6,1,7186,1
Zainab Odhiambo,F,75.7,56.4,11,0.1,1,4614,0
Linet Odhiambo,F,65.2,100.0,4,3.7,5,2005,0
Aisha Kibet,M,100.0,43.5,11,1.2,6,8722,0
Grace Mwangi,F,84.5,87.5,7,22.7,4,177,0
Dennis Njenga,F,44.6,88.2,5,4.3,6,8021,1
Zainab Njoroge,M,77.8,48.0,5,0.7,6,155,0
Irene Achieng,F,65.1,68.2,0,5.8,7,2378,0
Brian Simiyu,M,87.8,87.3,3,11.4,4,6634,0
Moses Kibet,M,63.1,51.2,4,6.8,0,914,0
Wanjiku Waweru,M,73.3,54.3,11,0.4,5,1917,0
Yvonne Adhiambo,M,82.6,47.5,10,11.3,5,1176,0
Linet Owino,M,88.0,39.7,2,7.9,7,9119,0
Brian Simiyu,F,57.0,46.3,12,0.9,2,5206,0
Caroline Auma,M,70.0,36.0,8,0.3,5,3703,0
Boniface Mutua,M,67.9,58.6,0,4.1,1,2657,0
Hassan Mutua,M,65.2,44.1,5,0.8,0,5154,0
Amina Nyambura,M,100.0,62.2,5,9.0,4,1494,0
James Rotich,F,81.1,30.0,9,2.2,5,1780,1
Esther Achieng,M,56.1,64.0,4,12.2,0,3928,0
Wanjiku Njoroge,F,88.8,73.0,11,4.2,7,1328,0
Purity Chebet,M,100.0,22.1,14,1.0,5,198,1
Aisha Simiyu,F,90.5,64.7,4,0.8,4,232,0
Wanjiku Juma,M,52.2,80.1,9,4.3,3,368,1
Moses Muthoni,M,67.7,36.2,13,7.2,4,6113,0
Purity Koech,F,94.0,88.1,12,7.6,4,1917,0
Vincent Muthoni,M,64.4,65.5,4,1.6,4,3744,0
Moses Koech,F,81.7,45.3,5,1.1,5,1497,0
Yvonne Wekesa,M,86.6,57.0,7,0.1,2,898,0
Cynthia Mutua,F,61.1,68.0,1,5.7,4,1279,0
Grace Odhiambo,M,74.1,59.4,5,0.4,7,4742,0
Francis Otieno,M,26.4,67.7,0,2.7,1,2944,1
Dennis Simiyu,F,59.6,41.4,3,4.6,1,8324,0
Grace Muthoni,M,71.2,61.0,13,13.8,7,3416,0
Wanjiku Auma,M,56.3,32.6,9,1.9,0,2533,1
Vincent Njoroge,M,99.5,56.0,2,1.4,2,2826,0
Quinter Nyambura,M,53.5,41.7,8,5.3,0,8561,1
Aisha Osei,M,68.4,44.8,2,4.8,7,4656,0
Naomi Owino,M,77.0,80.2,14,2.0,1,73,0
James Rotich,F,96.6,77.6,5,13.2,6,2292,0
Purity Chebet,F,53.5,69.0,0,9.3,1,3498,1
Dennis Njenga,F,92.4,38.3,11,1.3,3,4143,0
Hassan Kibet,M,75.2,52.3,5,1.4,4,719,0
Boniface Mwangi,F,60.3,79.8,3,3.6,6,6056,0
Caroline Owino,M,81.9,60.6,7,7.4,1,9360,0
Aisha Auma,M,78.0,99.7,12,0.2,5,810,0
Thomas Njenga,M,66.0,65.1,10,5.9,5,6427,0
Quinter Njenga,M,76.0,61.5,8,5.2,0,306,0
Sharon Adhiambo,F,69.2,52.4,3,1.3,6,172,0
Xavier Njoroge,M,76.7,60.4,9,5.7,0,415,0
Francis Kariuki,F,84.9,55.3,11,14.1,4,178,0
Usha Achieng,M,98.8,70.7,9,0.2,4,5593,0
David Rotich,F,56.4,75.2,5,1.9,3,183,0
Boniface Rotich,F,100.0,43.9,0,2.9,7,951,0
Wanjiku Owino,F,45.7,34.0,3,11.5,7,329,1
Oliver Achieng,F,72.7,24.9,6,16.4,2,1050,1
Grace Mwangi,F,83.8,67.1,11,2.9,0,285,0
Purity Rotich,F,79.2,38.1,14,6.9,4,3308,0
Yvonne Odhiambo,M,65.7,19.2,0,3.8,7,429,1
Robert Mutua,F,71.9,65.0,7,3.9,0,5729,0
Francis Rotich,M,67.6,100.0,11,1.6,4,5098,0
Kezia Nyambura,F,66.2,57.9,9,1.2,1,41,0
Cynthia Kamau,M,87.7,73.1,11,1.7,0,6782,0
Francis Adhiambo,F,80.4,59.5,10,4.1,1,88,0
Vincent Muthoni,F,64.6,56.2,5,0.1,0,822,0
Robert Njenga,M,88.5,74.5,4,11.9,2,99,0
Hassan Nyambura,F,79.6,52.8,9,0.8,3,1228,0
Vincent Koech,F,87.2,62.8,10,1.2,5,2164,0
James Adhiambo,F,84.4,63.8,14,3.7,7,4778,0
Yvonne Rotich,M,62.6,46.0,13,6.2,5,1237,0
Usha Kariuki,F,66.6,75.9,8,0.5,5,3667,0
Aisha Nyambura,M,86.2,54.9,1,1.9,1,623,0
Esther Kibet,F,84.2,44.4,4,17.3,6,4166,0
Irene Njenga,F,74.7,67.7,5,1.5,4,808,0
Vincent Chebet,M,76.8,41.8,6,1.9,5,465,0
Vincent Njoroge,F,94.2,58.5,4,9.1,2,615,0
Aisha Nyambura,F,66.1,57.8,8,0.3,5,603,0
Sharon Chebet,M,83.2,77.5,0,3.1,0,2158,0
Grace Muthoni,F,72.0,66.5,6,2.4,1,5589,0
Robert Kamau,M,71.7,57.5,9,1.9,6,249,0
Kezia Moraa,M,91.5,72.7,6,1.7,0,3682,0
Hassan Osei,M,87.4,83.0,3,0.5,6,3187,0
Aisha Moraa,F,87.2,68.0,8,1.9,0,6179,0
Linet Kamau,M,94.6,58.2,13,0.2,0,840,0
Robert Odhiambo,M,75.3,34.4,11,7.6,7,1794,1
Zainab Owino,F,85.2,38.8,10,2.5,3,7804,0
Vincent Kibet,M,70.3,52.5,4,2.9,3,3236,0
Naomi Adhiambo,F,79.9,47.0,3,11.2,4,1477,0
Grace Moraa,F,73.0,54.6,12,5.4,1,423,0
Yvonne Otieno,F,76.5,59.0,6,0.0,2,913,0
Aisha Kariuki,F,83.9,67.5,3,14.3,2,2611,0
Thomas Kamau,M,62.7,56.7,14,1.4,2,3799,0
Quinter Rotich,M,100.0,66.8,2,0.6,7,399,0
Linet Owino,M,59.9,59.2,8,7.3,0,2746,0
Aisha Mwangi,M,56.8,22.4,10,3.5,3,2398,1
Cynthia Nyambura,M,92.4,41.1,7,2.8,1,2164,0
Robert Simiyu,F,86.9,55.4,0,1.4,0,3515,0
Linet Owino,M,84.4,36.2,6,4.0,6,5450,0
David Kibet,M,84.4,68.8,8,1.6,3,1170,0
James Koech,M,74.8,85.6,7,11.6,3,6595,0
Francis Kariuki,F,61.5,79.9,7,1.2,5,525,0
Aisha Achieng,F,76.1,54.2,12,10.8,5,570,0
Dennis Mutua,M,64.8,84.8,5,4.1,7,931,0
Brian Waweru,F,89.6,60.7,10,8.8,1,382,0
Esther Owino,M,72.8,51.9,3,6.2,6,785,0
Hassan Njoroge,M,62.6,47.0,7,6.0,1,338,0
Vincent Rotich,F,70.2,52.6,2,2.0,1,5174,0
Usha Njoroge,F,81.2,51.0,12,1.3,7,449,0
Sharon Otieno,M,66.5,61.1,8,1.2,7,4127,0
Robert Juma,M,62.7,60.9,12,9.7,0,147,0
Sharon Wekesa,F,78.7,58.1,1,8.6,4,8900,0
Oliver Kariuki,M,78.7,65.9,1,2.9,7,3726,0
Purity Njoroge,F,67.4,79.4,11,0.7,1,20,0
Purity Auma,M,67.9,75.1,12,2.4,5,4330,0
Thomas Njenga,F,78.5,31.3,14,4.8,4,2165,1
Kezia Odhiambo,M,53.3,12.0,11,3.0,0,4534,1
Quinter Owino,M,53.9,74.8,6,7.6,4,2218,1
Linet Simiyu,F,64.2,33.4,11,30.2,2,3074,1
James Odhiambo,M,71.8,54.0,9,1.1,6,4630,0
Naomi Kibet,M,79.7,36.9,3,3.1,4,1558,0
Amina Owino,F,97.1,25.6,9,2.8,1,8,1
David Juma,M,87.9,67.7,7,1.8,0,5690,0
Esther Nyambura,M,72.6,71.7,8,1.1,6,1438,0
Xavier Kibet,M,74.7,47.6,6,0.3,1,2056,0
Yvonne Odhiambo,F,60.0,11.4,4,10.9,6,23,1
James Owino,F,74.7,48.2,7,2.7,5,2032,0
Caroline Odhiambo,F,70.7,65.1,3,3.4,2,12912,1
Amina Odhiambo,M,79.8,31.4,1,12.4,5,978,1
Zainab Adhiambo,M,62.6,61.3,10,7.5,1,1510,0
Kezia Achieng,M,82.8,57.7,14,0.7,1,3486,0
Linet Otieno,M,98.0,68.4,11,4.2,1,5059,0
David Waweru,F,73.4,60.2,5,2.9,3,1621,0
Boniface Simiyu,M,81.0,40.5,8,8.0,2,1112,0
Wanjiku Wekesa,M,85.4,79.5,0,6.4,6,8333,0
James Muthoni,M,69.0,55.1,10,5.9,7,3392,0
Grace Adhiambo,F,78.4,57.5,9,2.1,1,380,0
Purity Osei,M,75.2,41.2,11,8.2,1,214,0
Linet Kamau,M,76.5,50.0,6,0.3,6,1982,0
Grace Koech,M,63.4,42.1,9,0.9,7,746,0
Caroline Simiyu,M,75.4,54.9,8,2.0,5,879,0
Brian Odhiambo,M,82.5,88.8,9,0.4,5,6304,0
Oliver Koech,F,96.8,33.3,8,1.3,1,282,1
Brian Odhiambo,M,89.4,29.0,9,8.9,0,3770,1
David Koech,M,100.0,84.5,10,14.8,3,949,0
Caroline Kamau,M,63.5,54.2,12,1.8,5,4285,0
Caroline Njenga,M,88.1,46.0,2,1.5,0,3845,0
Grace Simiyu,M,77.8,76.7,10,1.6,3,22,0
Esther Owino,M,100.0,47.1,12,1.6,1,2135,0
Usha Rotich,M,62.9,90.9,4,0.2,2,450,0
Boniface Wekesa,M,62.4,70.2,7,13.1,4,6035,0
Grace Kariuki,M,66.0,49.2,7,1.2,4,6157,0
Hassan Simiyu,M,43.1,96.8,3,2.7,1,1626,1
Esther Kamau,F,67.1,47.1,14,0.0,5,1763,0
Irene Koech,F,63.6,71.4,14,9.8,0,1084,0
Xavier Kariuki,F,77.3,63.4,11,6.6,2,3783,0
Caroline Odhiambo,F,80.1,81.4,10,14.7,6,1333,0
Yvonne Odhiambo,M,100.0,86.1,10,7.6,3,935,0
Sharon Kariuki,F,89.3,58.6,0,1.9,1,1698,0
Kezia Koech,F,66.3,44.4,0,1.4,2,288,0
Grace Kamau,M,61.5,66.3,14,6.0,7,4118,0
Sharon Waweru,F,82.4,45.8,3,2.3,2,38,0
Zainab Kariuki,F,55.2,94.2,5,4.2,5,3103,0
Quinter Muthoni,M,100.0,60.5,7,0.0,7,606,0
Caroline Odhiambo,M,92.7,51.4,5,0.3,3,793,0
Irene Osei,M,68.0,61.3,11,3.8,7,3029,0
Amina Wekesa,F,49.3,33.8,8,4.2,2,14861,1
Francis Auma,F,95.3,40.5,14,7.0,5,4511,0
James Koech,M,73.3,79.6,14,0.7,7,768,0
Amina Osei,M,93.6,46.2,8,3.6,0,581,0
Moses Muthoni,F,51.1,39.2,13,1.1,5,6035,1
Thomas Osei,M,66.0,67.7,1,0.5,0,1762,0
Thomas Otieno,F,75.1,79.3,9,2.6,0,442,0
Robert Achieng,M,75.7,70.9,0,0.9,7,5946,0
Naomi Owino,M,68.2,75.9,1,1.3,7,5080,0
Wanjiku Chebet,F,84.3,44.4,4,1.9,6,12388,1
Caroline Waweru,M,59.0,32.4,3,1.5,6,7215,1
Esther Juma,M,72.9,85.0,3,0.5,2,5727,0
Quinter Moraa,M,76.8,52.2,8,0.5,5,162,0
Caroline Kamau,F,82.7,53.5,10,1.1,6,331,0
Wanjiku Moraa,M,85.7,81.9,7,0.3,0,2525,0
Esther Waweru,M,58.1,68.0,5,4.9,6,2275,0
David Kariuki,M,52.0,66.2,0,1.7,3,1837,1
Thomas Juma,M,94.2,97.0,1,1.6,2,1516,0
Moses Moraa,M,80.0,46.4,5,2.0,5,1693,0
Esther Kibet,M,63.8,74.7,10,5.4,5,2527,0
Yvonne Kibet,F,98.3,59.0,1,10.2,4,6,0
Grace Nyambura,F,76.7,62.8,14,7.1,5,906,0
Amina Chebet,M,92.7,85.5,12,6.5,2,2191,0
Xavier Waweru,F,76.0,67.1,9,3.3,3,3843,0
Quinter Juma,F,100.0,67.7,4,5.9,5,574,0
Naomi Njenga,M,100.0,77.3,13,4.0,4,2375,0
Naomi Njenga,F,71.3,51.4,4,1.2,2,3760,0
Xavier Nyambura,F,89.6,42.9,5,1.2,0,1764,0
Caroline Njoroge,F,84.7,39.2,5,1.8,1,82,0
Xavier Otieno,F,95.5,22.6,13,12.1,1,1790,1
Yvonne Wekesa,F,60.5,95.0,5,4.0,0,1055,0
Amina Kamau,F,85.3,38.1,13,6.6,6,7963,0
Oliver Moraa,F,90.9,54.0,1,2.1,5,399,0
Boniface Mwangi,F,48.6,53.0,13,2.6,7,3171,1
Robert Moraa,M,57.3,63.5,9,0.7,1,162,0
Naomi Owino,M,44.4,72.7,13,0.9,6,1773,1
Aisha Simiyu,F,71.0,73.5,12,8.8,1,2422,0
Amina Muthoni,F,85.8,47.5,14,4.4,0,1061,0
Zainab Simiyu,M,97.5,55.0,13,2.1,5,1821,0
Aisha Chebet,F,76.1,63.1,2,8.1,5,536,0
Xavier Otieno,F,99.4,53.5,13,1.4,6,1088,0
Oliver Wekesa,M,54.3,86.9,5,18.7,0,2911,1
Quinter Otieno,M,49.4,66.8,12,2.1,6,1078,1
Purity Chebet,M,74.2,71.2,7,2.1,5,6900,0
Linet Rotich,F,80.8,69.9,11,1.9,7,2970,0
Caroline Koech,F,74.5,79.1,12,0.7,5,1732,0
Quinter Njoroge,M,44.0,61.3,10,0.6,2,119,1
Quinter Juma,M,73.7,34.7,11,5.2,7,2077,1
Yvonne Kibet,F,55.4,65.2,0,10.4,6,4342,0
Thomas Koech,M,85.0,46.3,0,7.8,2,926,0
Yvonne Kamau,F,80.5,48.5,10,0.8,0,4932,0
James Mwangi,F,60.9,68.6,12,3.9,3,870,0
Kezia Kariuki,M,67.3,80.3,1,0.6,1,5207,0
David Adhiambo,M,59.1,58.4,10,0.2,2,267,0
Linet Koech,F,74.1,63.6,14,5.3,1,6034,0
Wanjiku Kibet,M,89.3,88.6,11,3.8,4,2075,0
Aisha Simiyu,M,60.2,62.3,11,0.4,0,1055,0
Esther Kariuki,M,82.6,100.0,5,0.2,3,924,0
Amina Kariuki,M,67.0,68.2,8,22.9,4,1697,1
Robert Moraa,F,63.1,26.3,3,0.2,4,20000,1
Irene Adhiambo,F,73.4,71.6,2,2.9,5,747,0
Yvonne Mutua,F,59.5,64.9,11,3.5,4,327,0
Zainab Njoroge,F,66.7,81.2,7,0.6,0,2639,0
Sharon Adhiambo,M,57.0,70.1,10,0.9,2,2011,0
Purity Kariuki,M,100.0,55.5,9,2.2,0,2228,0
Caroline Kariuki,F,75.5,36.0,13,7.2,2,3298,0
Vincent Otieno,F,64.5,54.2,8,3.5,4,932,0
James Osei,M,78.2,42.7,11,5.1,4,7246,0
Boniface Chebet,F,73.3,47.6,10,21.1,7,1716,0
David Rotich,F,71.7,68.6,4,7.3,3,415,0
Francis Koech,M,84.2,88.1,8,2.8,2,4068,0
Linet Mwangi,F,86.4,65.1,1,3.0,4,3091,0
Robert Odhiambo,M,67.0,36.5,2,4.8,5,1138,0
Grace Koech,M,66.4,66.0,6,5.5,7,2915,0
David Nyambura,F,70.9,79.5,6,3.5,1,745,0
Amina Simiyu,M,40.5,47.0,5,5.2,7,1765,1
Robert Achieng,F,52.3,55.6,5,0.1,3,6890,1
Zainab Adhiambo,M,95.5,58.3,1,2.8,0,430,0
Xavier Achieng,F,99.7,43.9,9,1.6,3,1467,0
Wanjiku Achieng,F,71.3,69.7,5,0.7,1,5163,0
James Kamau,F,83.6,55.8,3,0.5,7,10469,0
Francis Mutua,M,79.7,65.6,11,4.6,2,1815,0
Cynthia Koech,M,100.0,42.0,2,3.7,0,2122,0
Francis Otieno,F,91.8,50.1,12,1.5,0,2547,0
Xavier Koech,M,73.1,71.0,10,3.2,2,8080,0
Oliver Simiyu,F,60.7,51.3,12,3.4,6,5860,0
Thomas Mwangi,F,50.9,89.1,1,1.1,6,561,1
Francis Mutua,M,78.1,50.8,0,5.3,3,1722,0
Yvonne Auma,F,63.7,62.0,10,7.6,4,1871,0
Robert Odhiambo,M,53.7,74.8,10,7.8,6,4669,1
Oliver Auma,F,65.3,32.5,4,4.6,3,2771,1
Robert Nyambura,M,58.8,26.3,1,3.6,6,3186,1
Irene Adhiambo,F,100.0,30.5,1,0.3,1,18960,1
Brian Njoroge,F,88.2,80.7,6,1.7,5,234,0
Thomas Kamau,M,74.9,48.1,7,0.5,4,757,0
Kezia Odhiambo,F,97.2,100.0,12,16.6,3,1572,0
Francis Mwangi,F,76.2,47.8,9,0.7,5,1282,0
Esther Koech,M,62.1,61.3,7,0.8,5,66,0
Amina Kamau,F,97.8,85.8,13,11.0,7,289,0
Xavier Osei,M,83.1,94.1,3,14.4,6,3427,0
Sharon Kamau,F,59.4,95.1,14,7.3,7,6344,0
Usha Nyambura,M,72.1,79.8,13,0.0,2,2166,0
Caroline Kibet,F,61.9,76.4,0,0.0,1,2324,0
Usha Adhiambo,F,54.3,68.7,10,2.4,1,883,1
David Rotich,F,88.9,72.0,6,0.8,1,4381,0
Vincent Nyambura,M,100.0,48.1,0,0.1,4,4180,0
Robert Osei,M,54.0,43.3,10,3.1,0,2663,1
Dennis Osei,M,83.4,57.9,3,14.3,4,717,0
Xavier Chebet,M,65.2,54.9,7,2.0,3,306,0
David Muthoni,F,67.7,49.8,1,5.4,5,199,0
Kezia Adhiambo,F,66.1,70.5,5,5.3,5,2695,0
Boniface Kibet,M,62.0,75.2,12,1.4,7,5230,0
Moses Njenga,M,75.7,59.6,5,5.3,0,5863,0
Xavier Simiyu,M,62.5,84.6,11,1.2,3,1869,0
Xavier Moraa,F,79.1,37.4,8,0.7,0,4601,0
Zainab Kamau,M,74.2,54.5,4,6.0,5,8806,0
Purity Kariuki,M,71.4,45.1,9,0.6,6,965,0
Naomi Osei,F,61.4,24.4,3,28.9,4,1522,1
Quinter Koech,F,66.3,56.5,4,1.0,1,8042,0
Sharon Otieno,M,86.3,55.8,11,4.5,5,1239,0
Kezia Muthoni,F,82.5,85.2,11,2.6,2,7356,0
Quinter Moraa,M,60.3,69.4,9,0.7,1,11897,0
Grace Mwangi,F,76.5,39.6,14,0.1,5,3252,0
Boniface Koech,M,86.3,91.4,10,4.9,4,5093,0
Cynthia Nyambura,M,50.0,80.0,4,8.2,0,4153,1
James Mwangi,M,83.2,68.5,7,9.2,6,3607,0
Naomi Rotich,M,65.1,53.9,9,3.3,6,1100,0
Oliver Mwangi,F,83.6,40.7,11,7.5,1,176,0
Dennis Mwangi,F,63.6,51.3,7,5.6,4,1260,0
Zainab Wekesa,F,47.9,77.6,1,6.4,6,3298,1
Amina Adhiambo,F,50.6,91.9,6,3.4,6,325,1
Caroline Mwangi,M,75.7,85.8,7,5.0,3,36,0
Brian Owino,M,78.9,49.2,10,8.2,2,451,0
Dennis Adhiambo,F,61.4,37.8,5,2.5,1,3774,0
Grace Odhiambo,F,84.6,60.5,4,8.2,0,10813,0
Thomas Achieng,F,50.1,26.2,10,4.5,6,12235,1
Vincent Kamau,F,74.0,63.8,8,0.9,3,2044,0
Naomi Owino,F,56.8,55.3,12,0.1,4,6106,0
Amina Achieng,M,65.2,49.6,2,2.3,6,4005,0
Thomas Juma,M,75.7,29.3,11,4.0,7,2086,1
Sharon Waweru,M,62.1,67.2,12,9.2,2,2551,0
Boniface Njoroge,F,69.2,48.4,12,0.7,0,443,0
Moses Waweru,F,90.1,36.9,9,8.1,4,8326,0
Irene Achieng,F,66.3,6.3,3,9.9,4,1301,1
Vincent Auma,F,87.5,57.5,8,0.8,1,1773,0
Linet Mwangi,M,58.1,89.9,5,9.5,6,3341,0
Kezia Odhiambo,M,82.9,87.9,7,23.8,1,1219,0
Irene Kariuki,F,96.6,49.8,6,6.5,0,880,0
Sharon Njenga,M,37.9,47.2,10,7.7,7,2991,1
Dennis Mutua,M,63.0,66.4,1,25.9,6,76,1
Grace Njenga,F,83.7,40.0,2,4.7,5,3827,0
Esther Njenga,F,72.0,63.4,0,1.8,6,2165,0
Amina Wekesa,F,80.6,71.8,8,9.1,7,2792,0
Esther Odhiambo,F,65.9,80.1,12,4.8,5,2998,0
Sharon Moraa,F,76.3,56.2,6,4.4,4,2246,0
Esther Owino,F,72.7,54.3,0,1.5,1,2621,0
Zainab Moraa,M,92.5,42.2,2,7.1,2,3454,0
Dennis Njoroge,M,78.8,43.1,3,0.4,6,4197,0
Caroline Osei,F,80.1,53.9,3,12.9,2,3900,0
Brian Mutua,M,68.8,64.6,4,2.0,6,6112,0
Thomas Auma,F,67.7,74.4,13,0.7,4,630,0
Kezia Mwangi,F,68.5,43.5,2,2.9,1,1538,0
Xavier Adhiambo,F,80.9,84.9,2,0.2,0,8858,0
David Muthoni,F,68.7,53.1,0,5.8,0,1515,0
David Simiyu,M,79.3,57.6,6,11.7,0,400,0
Yvonne Simiyu,F,100.0,44.6,10,9.1,6,2236,0
Robert Adhiambo,M,88.1,14.4,9,0.7,6,348,1
Brian Njenga,F,70.1,73.9,13,0.7,2,680,0
Amina Wekesa,F,93.0,71.3,0,8.4,1,19165,1
Irene Otieno,F,68.9,52.9,1,12.9,7,2338,0
Yvonne Odhiambo,M,44.4,59.2,12,3.1,6,1002,1
Caroline Mwangi,F,59.9,67.3,3,3.5,1,15763,1
Amina Mwangi,F,46.9,29.9,12,1.9,2,10194,1
Usha Achieng,F,69.7,48.5,3,11.2,6,1743,0
Boniface Mutua,M,75.3,72.3,4,5.2,0,905,0
Oliver Otieno,M,100.0,35.4,10,1.7,0,5468,0
Yvonne Muthoni,M,79.9,63.3,1,1.8,4,3772,0
Irene Moraa,F,71.7,33.6,3,11.1,5,3484,1
Irene Kibet,M,87.4,66.4,0,0.1,3,6708,0
Grace Adhiambo,F,41.8,57.4,1,1.9,7,3508,1
Wanjiku Rotich,M,78.5,28.9,0,4.0,5,1001,1
Yvonne Achieng,M,86.6,79.0,9,0.8,6,3551,0
Francis Kibet,F,52.8,44.8,9,0.5,1,1095,1
Brian Achieng,M,92.2,43.4,12,8.4,6,4272,0
Boniface Owino,F,80.1,61.6,3,11.2,1,2901,0
Amina Wekesa,F,68.8,78.7,3,8.7,1,242,0
Boniface Kariuki,M,84.5,39.7,6,11.5,5,2157,0
Esther Kamau,F,100.0,59.1,9,4.0,3,1262,0
Irene Chebet,F,77.7,65.7,10,8.4,4,1195,0
David Waweru,M,78.7,70.5,10,2.4,5,2766,0
Usha Mutua,M,68.1,61.2,8,5.5,3,1167,0
Hassan Waweru,F,62.3,51.4,8,22.5,0,4500,1
Purity Juma,M,87.5,43.1,4,1.3,0,220,0
Boniface Waweru,F,62.2,59.6,9,2.5,1,3240,0
Dennis Njenga,F,76.1,38.7,0,3.3,2,4970,0
Vincent Rotich,M,67.8,5.4,0,0.7,6,3352,1
Purity Wekesa,M,82.2,65.9,5,0.4,6,2063,0
Hassan Kariuki,M,80.0,74.3,1,8.9,1,9006,0
James Muthoni,M,90.6,15.5,7,18.8,2,1070,1
Caroline Auma,F,67.3,39.8,12,2.6,7,58,0
James Mwangi,F,71.0,69.1,8,0.5,3,1697,0
Grace Auma,M,60.3,95.0,12,0.3,7,101,0
Amina Odhiambo,M,68.3,58.4,3,11.1,7,9233,0
Usha Osei,F,80.7,44.9,4,3.1,0,707,0
Oliver Waweru,F,86.4,54.7,10,1.9,7,4667,0
Boniface Nyambura,F,61.2,82.7,7,3.2,6,4469,0
James Kibet,F,88.0,46.4,2,1.9,5,737,0
Irene Kamau,M,95.3,43.6,4,3.4,2,2912,0
Boniface Chebet,F,81.2,49.3,2,9.8,3,148,0
Purity Osei,F,100.0,40.8,11,4.5,0,1982,0
Brian Odhiambo,M,63.4,60.2,9,5.9,7,44,0
Caroline Mwangi,F,56.3,87.2,2,2.3,5,7620,0
Vincent Nyambura,F,48.3,63.8,2,6.7,2,11200,1
Amina Simiyu,M,97.4,53.5,12,5.5,1,754,0
Amina Muthoni,M,84.8,52.7,11,0.6,1,700,0
Purity Mutua,M,74.2,29.9,6,4.3,1,4204,1
Quinter Kibet,F,79.2,73.9,14,1.5,6,877,0
Purity Simiyu,F,58.1,56.6,6,8.2,3,6764,0
Kezia Owino,M,100.0,54.8,6,2.8,1,2559,0
Quinter Kamau,M,76.9,100.0,9,26.2,6,1296,0
Moses Chebet,F,76.6,63.4,7,0.5,4,5364,0
Kezia Mwangi,M,85.9,44.5,4,7.6,6,2040,0
Cynthia Owino,M,82.2,50.3,4,5.6,0,7279,0
Oliver Achieng,M,78.4,78.7,13,7.3,6,7894,0
James Njoroge,F,63.1,60.0,3,1.8,3,542,0
Usha Simiyu,F,82.1,32.1,6,3.4,5,7,1
Aisha Auma,F,100.0,74.5,9,8.0,7,12393,1
Esther Kariuki,F,95.2,46.0,3,1.3,6,7098,0
Dennis Owino,F,98.9,91.7,14,1.3,1,171,0
Kezia Nyambura,F,67.3,77.4,1,4.0,0,5370,0
Purity Achieng,M,60.2,49.9,3,3.7,2,1836,0
Brian Muthoni,F,73.1,81.1,12,1.7,1,899,0
Amina Waweru,F,75.8,59.2,12,1.8,0,6330,0
David Moraa,M,91.4,73.3,7,1.6,4,657,0
Zainab Otieno,F,49.6,66.7,8,7.4,7,8829,1
Irene Moraa,F,97.9,42.8,2,5.3,2,691,0
Wanjiku Rotich,M,72.6,46.4,6,8.9,4,2853,0
James Kamau,M,68.6,76.5,13,18.5,5,757,0
Kezia Mwangi,M,59.8,52.0,11,3.2,0,2367,0
Dennis Moraa,F,50.2,50.7,13,0.3,4,3456,1
Francis Auma,M,87.3,40.8,8,0.2,7,633,0
Brian Kamau,F,76.1,65.6,10,1.8,7,2207,0
James Njenga,F,55.7,95.1,3,13.5,5,1899,0
Linet Osei,F,55.6,38.8,9,3.7,7,221,0
Usha Njoroge,F,70.0,58.4,14,1.6,0,5116,0
Purity Auma,M,100.0,83.4,2,2.5,0,1227,0
Moses Mutua,M,71.1,56.6,4,4.6,7,2564,0
Usha Rotich,F,52.5,66.1,0,5.3,4,2169,1
Hassan Mwangi,M,71.3,38.9,2,0.8,0,2160,0
Naomi Muthoni,F,70.9,65.7,14,18.9,1,340,0
Robert Wekesa,F,34.5,54.6,7,3.9,7,1652,1
Oliver Kariuki,F,74.2,75.7,10,0.7,0,1806,0
Aisha Koech,M,71.5,79.4,7,11.2,3,3969,0
Usha Koech,F,85.4,100.0,14,0.4,5,5498,0
Thomas Nyambura,F,100.0,68.4,12,11.9,7,2362,0
Usha Auma,M,91.9,63.9,3,28.4,0,272,0
Yvonne Auma,M,71.0,61.5,1,6.0,3,811,0
James Kamau,M,58.4,51.6,12,7.4,0,541,0
Zainab Achieng,M,100.0,64.1,7,2.1,0,399,0
Naomi Wekesa,F,75.9,52.7,7,14.2,4,1367,0
James Kibet,M,75.2,61.0,9,3.8,1,782,0
David Kariuki,F,74.6,81.7,3,6.6,7,739,0
Naomi Waweru,M,78.0,39.9,2,12.9,5,169,0
Zainab Mutua,M,72.8,78.5,1,18.5,7,53,0
Purity Odhiambo,M,66.4,81.7,8,9.0,1,325,0
Quinter Wekesa,M,66.8,55.9,0,1.8,2,567,0
Caroline Wekesa,M,74.5,19.8,6,17.0,4,1692,1
Quinter Kariuki,M,66.8,47.1,4,4.9,4,2143,0
Caroline Koech,F,64.3,81.3,7,13.3,1,455,0
Purity Njoroge,M,76.6,57.6,3,5.6,6,1659,0
Kezia Odhiambo,M,71.2,40.0,6,1.8,4,1255,0
Zainab Adhiambo,M,97.6,48.9,12,2.3,7,608,0
Vincent Wekesa,M,35.2,73.1,4,4.0,1,21,1
Zainab Mwangi,F,91.4,67.8,14,7.8,4,1888,0
Irene Waweru,M,93.7,53.7,13,1.9,0,3472,0
Wanjiku Mutua,M,43.9,51.4,4,4.3,1,770,1
Moses Kamau,M,69.9,50.9,13,2.1,1,424,0
Brian Njenga,M,69.4,41.4,8,8.5,7,6542,0
Irene Simiyu,F,53.9,87.1,8,3.1,3,965,1
Cynthia Achieng,M,63.3,52.2,12,0.4,4,759,0
Moses Juma,F,58.3,79.9,8,0.9,4,5837,0
Vincent Kamau,M,100.0,85.4,11,0.3,1,5097,0
Hassan Achieng,F,89.0,76.0,5,3.5,0,1785,0
Purity Kamau,F,94.1,50.2,5,0.6,0,2016,0
Francis Moraa,M,85.8,65.3,4,0.6,5,737,0
Hassan Muthoni,M,58.1,57.6,8,14.2,0,245,0
Irene Osei,F,67.1,41.7,9,10.3,4,2556,0
Irene Mwangi,F,82.3,63.8,7,3.0,6,311,0
Wanjiku Waweru,M,56.7,36.8,6,21.3,3,1790,1
Cynthia Mwangi,F,85.7,79.4,6,0.0,1,8465,0
Oliver Koech,F,71.4,49.6,5,4.8,2,9162,0
Naomi Kariuki,F,69.4,61.6,4,4.8,3,821,0
Linet Simiyu,M,85.7,63.1,12,3.1,7,2935,0
Quinter Njenga,F,81.7,53.3,3,2.5,7,1928,0
Cynthia Kamau,F,69.6,68.6,2,3.0,6,6255,0
Kezia Achieng,F,92.4,49.5,2,2.7,2,950,0
Cynthia Auma,M,58.8,73.7,5,6.6,3,11,0
Thomas Mutua,M,84.2,33.8,14,0.7,0,532,1
Naomi Kamau,F,83.9,60.3,3,1.1,4,1290,0
Quinter Moraa,M,70.4,92.9,11,1.0,6,1138,0
Zainab Njoroge,F,79.9,40.0,11,1.5,2,4701,0
James Auma,M,56.2,45.8,5,3.7,6,3424,0
Dennis Wekesa,M,88.9,67.3,2,0.6,3,1068,0
Hassan Njoroge,F,72.2,61.2,14,10.1,4,1836,0
Cynthia Otieno,M,67.2,64.3,3,1.8,6,301,0
Linet Moraa,M,90.7,66.8,14,0.9,2,6853,0
Quinter Waweru,M,64.4,69.4,8,5.6,1,8220,0
Quinter Chebet,F,53.9,78.0,4,0.2,3,11707,1
Sharon Achieng,M,51.7,65.4,12,4.8,1,6087,1
Dennis Juma,M,84.1,53.7,6,6.0,0,573,0
Linet Muthoni,F,55.8,70.1,9,1.2,1,142,0
Kezia Nyambura,M,100.0,92.2,1,0.2,1,2600,0
Cynthia Juma,M,43.8,55.6,13,2.3,5,7312,1
Oliver Chebet,M,100.0,40.5,13,0.5,3,586,0
Kezia Nyambura,M,78.2,77.9,4,0.6,0,21,0
Hassan Waweru,M,73.5,55.8,8,1.5,1,4912,0
Aisha Rotich,F,66.8,18.9,10,1.8,7,240,1
Hassan Kariuki,F,81.0,73.3,2,3.8,4,1602,0
Oliver Rotich,M,74.4,48.4,13,5.7,2,3408,0
Purity Njenga,M,91.5,56.4,8,4.5,1,811,0
Aisha Juma,M,76.7,64.0,13,0.8,0,263,0
Thomas Nyambura,F,77.3,61.4,10,0.9,1,4409,0
Boniface Waweru,F,69.5,70.8,14,10.6,2,2984,0
Kezia Simiyu,M,74.1,50.2,5,4.1,0,13394,1
Caroline Achieng,M,79.6,67.2,3,10.2,3,1266,0
David Rotich,F,49.3,53.3,6,2.3,0,191,1
Irene Simiyu,M,54.8,71.3,7,4.8,3,3977,1
Purity Kariuki,F,86.1,69.1,5,3.7,0,2213,0
James Simiyu,F,77.6,41.2,4,1.9,7,719,0
Grace Wekesa,M,72.2,77.5,5,3.2,6,4566,0
Xavier Wekesa,F,75.3,48.4,4,3.5,2,684,0
Quinter Simiyu,M,80.2,72.5,7,1.1,2,906,0
Moses Juma,M,66.9,64.6,0,1.9,0,291,0
Brian Mwangi,M,63.3,91.1,10,7.8,6,1530,0
Dennis Moraa,M,77.9,54.0,6,12.4,1,1629,0
Moses Achieng,M,60.3,51.7,14,2.2,2,2168,0
Amina Chebet,M,81.1,57.7,9,1.8,7,3703,0
Caroline Njenga,F,49.5,52.5,9,1.1,3,7097,1
Thomas Mutua,F,90.4,72.4,10,5.7,3,445,0
Amina Owino,F,82.1,28.9,1,2.0,4,168,1
Xavier Simiyu,F,78.8,39.0,14,22.0,5,56,0
Dennis Mutua,M,89.7,38.8,13,2.0,6,465,0
Purity Njenga,F,100.0,75.1,8,2.5,5,3218,0
Brian Owino,F,90.2,88.8,0,4.6,5,3900,0
Kezia Njoroge,F,47.4,56.1,10,8.1,3,4632,1
Thomas Otieno,M,55.8,55.0,9,3.2,7,838,0
Caroline Rotich,F,65.6,59.3,5,2.7,7,1095,0
Thomas Njenga,M,75.4,78.9,8,27.2,4,1980,0
Naomi Njenga,F,82.8,41.3,0,0.1,5,196,0
Aisha Juma,M,64.1,62.3,3,11.3,5,2834,0
Quinter Koech,M,77.8,75.6,3,0.8,0,12356,1
Quinter Wekesa,F,63.7,67.0,14,7.7,0,1343,0
Vincent Osei,M,65.8,61.4,8,4.8,0,4193,0
Dennis Rotich,M,53.9,76.0,10,2.1,1,2080,1
Oliver Auma,F,61.2,9.3,4,10.4,5,410,1
Boniface Kibet,F,54.7,70.2,4,0.1,7,2619,1
Naomi Osei,F,60.4,46.2,5,1.3,7,1069,0
Moses Mutua,M,90.8,25.0,0,4.2,1,105,1
Grace Mutua,M,60.8,67.2,0,2.2,7,3023,0
Thomas Mwangi,M,100.0,82.7,14,4.7,4,5876,0
Naomi Kariuki,F,82.4,55.5,8,0.1,6,1268,0
Naomi Adhiambo,M,77.8,75.2,2,0.6,3,1484,0
Yvonne Moraa,M,62.1,87.0,3,0.7,5,6650,0
Linet Koech,M,85.5,81.7,0,1.0,7,5040,0
Caroline Nyambura,M,66.4,87.5,8,3.1,3,3765,0
Vincent Adhiambo,M,76.8,71.4,14,7.0,7,858,0
Yvonne Wekesa,M,100.0,59.4,7,11.8,6,7231,0
Brian Moraa,M,73.6,29.2,1,9.0,0,503,1
Thomas Osei,F,92.2,53.6,7,1.1,5,2957,0
Hassan Chebet,F,64.5,42.8,14,2.9,2,88,0
Irene Kamau,F,74.5,97.1,6,1.1,1,3096,0
Yvonne Kibet,M,100.0,54.8,10,1.5,1,974,0
Esther Kibet,M,65.6,60.2,5,3.5,5,1792,0
Caroline Njoroge,F,100.0,67.9,0,0.4,6,1271,0
Purity Moraa,M,85.6,58.8,14,1.2,0,569,0
Purity Simiyu,F,66.6,88.5,6,13.7,1,2918,0
Thomas Mutua,M,84.5,46.8,9,3.1,0,6411,0
Amina Moraa,M,89.6,61.5,6,2.9,4,9589,0
Cynthia Kariuki,F,84.3,44.6,12,0.1,3,641,0
Vincent Chebet,F,51.4,34.2,13,1.4,6,3791,1
David Auma,F,64.1,47.0,8,10.1,2,3275,0
Oliver Achieng,F,71.3,57.3,0,0.9,3,1262,0
Robert Otieno,F,73.9,50.3,1,2.7,3,58,0
James Owino,M,84.3,45.5,10,0.1,4,3512,0
Grace Mutua,M,77.7,32.7,8,3.3,1,8728,1
Amina Koech,M,55.0,56.5,12,0.1,2,3000,0
Quinter Muthoni,F,80.7,30.9,8,8.6,1,1714,1
Grace Wekesa,F,84.2,71.7,12,8.7,5,2234,0
Yvonne Adhiambo,F,83.4,59.5,5,7.7,3,668,0
Caroline Mutua,F,91.2,31.8,5,1.7,5,4165,1
Cynthia Mutua,F,87.5,52.4,3,9.1,0,4116,0
Esther Kibet,F,81.9,44.5,3,3.9,3,472,0
Linet Nyambura,M,73.9,63.7,4,2.3,1,6311,0
Esther Otieno,M,50.1,82.1,2,4.9,3,941,1
Irene Achieng,M,81.4,24.2,0,0.1,0,12095,1
Grace Kamau,M,78.1,60.1,14,0.8,4,1448,0
Wanjiku Kibet,M,79.1,55.1,0,6.8,5,588,0
Aisha Juma,F,55.8,70.1,11,1.4,7,1300,0
Purity Achieng,F,58.8,61.8,14,4.6,5,1740,0
Moses Wekesa,F,90.8,44.5,12,2.4,1,215,0
Thomas Owino,F,74.4,52.3,6,9.6,3,2590,0
Francis Waweru,F,85.2,43.7,0,15.2,1,2731,0
Amina Auma,F,75.4,77.4,0,10.8,4,4029,0
Sharon Achieng,M,75.4,58.4,2,1.6,3,89,0
Moses Njoroge,F,89.1,92.2,9,1.1,7,2338,0
Wanjiku Simiyu,F,67.3,56.9,14,3.2,3,163,0
Oliver Koech,F,76.4,45.2,3,0.0,7,3623,0
Linet Chebet,F,68.1,30.8,3,0.1,1,172,1
David Osei,M,68.5,25.5,1,4.0,1,7282,1
Xavier Waweru,M,70.4,29.5,0,3.7,0,3633,1
Sharon Achieng,F,78.3,62.8,2,26.1,6,2124,0
James Waweru,M,67.8,67.2,10,1.1,6,1748,0
Thomas Achieng,M,93.8,29.5,3,1.5,4,420,1
Moses Rotich,F,61.6,74.1,2,0.6,6,1032,0
Kezia Rotich,F,72.2,49.3,7,12.5,0,6097,0
Dennis Auma,F,68.4,60.6,13,7.5,5,7044,0
Dennis Rotich,F,96.7,87.0,9,8.6,7,2,0
Purity Muthoni,F,77.9,74.1,0,11.7,3,2705,0
Thomas Rotich,M,90.5,53.2,13,3.7,1,3811,0
Usha Koech,F,52.7,42.0,1,3.0,3,2893,1
Irene Auma,F,79.0,19.3,12,2.0,3,256,1
Dennis Otieno,F,88.3,45.1,6,4.4,2,737,0
Thomas Owino,M,76.2,54.2,3,3.0,5,864,0
Naomi Osei,F,91.0,40.2,7,3.0,2,5346,0
Quinter Njoroge,F,67.2,55.6,10,13.8,6,1866,0
Esther Muthoni,F,96.1,59.4,12,20.7,3,2001,0
Irene Otieno,M,100.0,54.0,2,8.0,7,8195,0
Sharon Kibet,F,69.6,46.3,5,7.1,1,3041,0
Irene Moraa,F,68.3,61.0,8,5.7,7,6868,0
Dennis Auma,F,96.8,66.0,0,0.9,3,1829,0
Purity Osei,M,98.7,38.4,0,0.3,5,486,0
Brian Chebet,F,67.2,83.4,7,5.9,7,7975,0
Naomi Osei,F,68.7,56.2,2,6.5,2,1841,0
Zainab Njenga,F,70.8,58.3,4,0.2,1,601,0
Oliver Mutua,M,54.8,70.7,0,13.2,3,1080,1
Linet Njenga,F,61.2,62.2,4,0.5,4,156,0
Naomi Adhiambo,F,59.9,75.2,10,1.7,5,1895,0
Oliver Kibet,F,63.5,63.2,5,5.6,5,5755,0
Oliver Wekesa,M,74.5,47.0,7,0.9,4,8135,0
Hassan Kamau,M,78.5,64.5,12,0.3,7,8091,0
Brian Mwangi,F,98.3,37.4,13,2.0,3,401,0
Cynthia Kibet,M,60.0,60.0,2,7.3,5,1444,0
Quinter Njoroge,M,89.8,57.4,2,2.7,1,86,0
Boniface Kibet,M,71.8,54.3,11,5.3,3,5796,0
David Chebet,F,74.3,55.7,10,4.3,3,1333,0
Usha Mwangi,F,85.1,24.1,10,0.1,2,2992,1
Caroline Osei,M,58.2,48.1,9,22.3,5,3765,1
David Osei,M,80.7,59.7,8,0.2,5,1686,0
Quinter Owino,M,77.5,60.9,3,17.2,4,1098,0
Grace Kibet,F,82.4,39.5,14,4.0,2,9827,0
Thomas Mutua,F,79.3,80.8,3,16.5,7,10014,0
Moses Kamau,M,100.0,42.4,11,0.6,6,1025,0
Boniface Wekesa,M,65.4,75.5,6,3.4,7,1960,0
Xavier Simiyu,M,67.0,65.7,1,0.9,7,10818,0
Xavier Koech,M,65.7,46.4,7,0.3,2,15,0
Aisha Moraa,F,66.7,90.0,5,4.8,5,1597,0
Oliver Mwangi,M,65.4,36.5,2,1.2,3,318,0
Irene Achieng,F,92.8,74.5,8,4.4,2,2135,0
Thomas Osei,M,96.3,76.0,4,0.6,4,75,0
Quinter Rotich,M,66.4,45.9,7,2.0,2,1567,0
James Muthoni,M,62.5,83.1,6,7.6,4,748,0
Dennis Auma,M,82.1,53.5,13,2.9,7,2286,0
Oliver Kariuki,M,66.7,63.2,7,4.9,6,16560,1
Grace Owino,F,84.5,62.7,6,5.2,2,4836,0
Francis Njoroge,M,78.0,55.6,2,9.3,4,5605,0
Linet Juma,M,52.3,72.6,1,2.0,2,3026,1
Naomi Rotich,M,98.2,72.3,6,5.8,6,127,0
Wanjiku Mwangi,F,100.0,26.5,2,16.3,7,695,1
Vincent Nyambura,F,65.8,81.5,2,6.6,2,7773,0
Oliver Odhiambo,F,69.2,28.1,1,3.4,1,1368,1
Zainab Achieng,F,79.3,76.6,3,5.0,4,328,0
James Mwangi,M,80.0,78.3,7,6.7,6,3636,0
Purity Odhiambo,M,84.9,38.4,11,4.7,4,1068,0
Boniface Muthoni,M,100.0,50.6,0,0.1,4,939,0
Wanjiku Otieno,F,72.3,38.1,0,1.1,0,18610,1
Robert Koech,M,63.0,54.1,11,8.3,6,5859,0
Oliver Juma,M,54.3,52.5,13,1.6,2,1572,1
Thomas Muthoni,F,64.0,72.0,4,6.6,4,11776,0
Xavier Rotich,F,74.5,81.6,10,2.3,5,3150,0
David Mutua,F,100.0,83.1,4,3.7,0,4065,0
Irene Odhiambo,M,67.2,47.9,10,0.4,1,96,0
James Kibet,M,78.4,54.2,11,1.0,4,389,0
Moses Njoroge,F,74.8,27.7,0,15.8,7,3008,1
Linet Moraa,M,92.8,43.5,5,11.0,4,6879,0
Xavier Wekesa,F,100.0,75.4,0,5.3,0,2932,0
Zainab Osei,F,67.0,87.1,4,3.1,2,432,0
Purity Moraa,M,67.7,35.8,8,5.6,5,369,0
Quinter Auma,F,90.7,47.3,11,4.8,7,5577,0
Kezia Auma,F,85.2,57.5,13,4.2,1,450,0
Grace Auma,F,100.0,63.0,4,0.3,7,2203,0
Zainab Njoroge,M,83.8,43.4,5,5.0,4,113,0
Francis Odhiambo,F,69.6,65.6,7,7.3,2,252,0
Wanjiku Moraa,F,83.9,49.5,10,25.6,6,3347,0
James Koech,F,91.6,57.7,0,0.1,5,3506,0
Yvonne Simiyu,F,87.3,67.8,13,6.5,6,1253,0
Irene Odhiambo,F,82.6,58.1,1,4.2,5,729,0
Irene Simiyu,F,91.0,50.1,8,2.8,1,5041,0
Zainab Otieno,F,92.5,56.0,2,0.7,3,734,0
Cynthia Osei,M,95.7,56.4,5,2.6,5,2343,0
Usha Nyambura,M,84.7,51.3,4,2.2,3,10346,0
Brian Otieno,F,72.5,53.3,10,1.8,6,480,0
Oliver Adhiambo,M,77.2,86.8,1,6.6,5,8484,0
Francis Simiyu,M,93.1,68.1,13,6.0,1,606,0
Usha Osei,F,62.7,52.7,14,4.4,0,2514,0
Thomas Wekesa,M,80.5,70.5,6,14.0,1,1420,0
Amina Juma,F,69.1,52.0,3,2.2,1,10051,0
Vincent Kamau,F,75.4,79.1,0,1.4,0,959,0
Oliver Chebet,F,94.2,64.7,12,5.3,0,1531,0
Sharon Koech,F,77.9,56.1,3,1.1,2,12199,1
Dennis Mutua,F,75.7,66.1,5,1.9,5,2307,0
Francis Nyambura,M,54.6,29.7,6,1.3,6,2095,1
Irene Muthoni,F,86.2,37.7,14,0.4,2,894,0
Thomas Kamau,M,84.7,36.5,6,8.8,0,3626,0
Francis Auma,F,100.0,60.6,13,1.5,3,43,0
Boniface Kibet,F,70.4,89.2,6,3.2,6,152,0
Sharon Achieng,F,78.3,98.2,2,0.2,3,2744,0
Aisha Juma,M,78.7,69.5,5,6.0,1,1254,0
Xavier Kariuki,F,98.7,67.0,12,2.0,4,9193,0
Naomi Adhiambo,F,73.6,25.6,7,6.8,1,7005,1
Caroline Simiyu,F,79.2,48.2,3,2.7,1,3752,0
Kezia Rotich,F,84.1,43.8,12,1.1,4,5114,0
Sharon Wekesa,M,77.8,46.8,7,3.6,5,3302,0
Usha Wekesa,F,68.3,55.0,1,0.7,0,403,0
Xavier Simiyu,M,77.9,49.5,14,2.9,3,4351,0
Boniface Chebet,F,91.1,22.4,9,1.9,1,708,1
Xavier Auma,M,59.6,71.5,8,12.1,4,1172,0
Linet Waweru,M,77.0,38.7,8,0.3,2,5132,0
James Owino,F,64.5,62.3,7,5.9,1,2307,0
David Rotich,F,92.9,95.3,9,1.0,3,5897,0
Moses Waweru,M,52.2,41.5,13,1.9,0,719,1
James Otieno,F,66.6,12.5,12,2.7,1,2808,1
Oliver Kamau,F,80.7,52.9,9,11.9,1,263,0
Yvonne Owino,F,98.5,77.8,0,1.4,5,3091,0
Francis Njoroge,M,74.0,93.3,1,0.5,7,4313,0
Cynthia Auma,F,66.7,35.9,5,1.9,4,2638,0
Vincent Osei,F,100.0,66.9,9,0.6,2,929,0
Caroline Njenga,F,53.3,49.6,4,0.7,2,96,1
Grace Otieno,M,42.0,56.1,11,4.3,6,382,1
Wanjiku Waweru,F,81.6,100.0,13,0.3,0,2921,0
Irene Muthoni,M,67.5,30.9,8,0.2,6,8173,1
Sharon Mutua,F,59.7,62.6,4,6.3,3,694,0
Hassan Kariuki,M,85.6,66.4,1,2.2,0,3984,0
Robert Wekesa,F,78.7,77.5,9,0.7,1,6040,0
Xavier Mutua,F,66.5,59.8,3,1.5,7,2207,0
Zainab Odhiambo,M,55.8,63.5,8,5.1,1,3319,0
James Kariuki,M,88.1,51.0,0,1.6,2,5062,0
Naomi Owino,M,84.8,62.8,10,3.4,3,906,0
Irene Wekesa,F,73.5,51.8,0,0.6,4,1057,0
Dennis Muthoni,F,100.0,69.2,11,4.4,3,2,0
Wanjiku Odhiambo,F,58.9,51.3,6,1.9,1,9898,0
Sharon Nyambura,F,52.1,64.8,10,4.9,4,7487,1
Zainab Odhiambo,M,64.6,57.5,2,8.3,3,4339,0
Xavier Kamau,F,74.3,78.3,9,4.7,7,247,0
Yvonne Kibet,F,78.7,57.1,1,1.8,7,1780,0
Purity Simiyu,F,71.4,26.1,8,1.5,3,322,1
Hassan Kariuki,F,80.3,80.7,2,2.0,4,48,0
Francis Achieng,F,56.2,41.7,1,0.9,1,2873,0
David Koech,F,96.7,46.2,11,1.0,3,9719,0
Esther Owino,F,73.8,47.3,7,7.8,4,6995,0
Thomas Odhiambo,M,91.8,82.7,9,2.4,5,3580,0
Aisha Mutua,F,80.1,19.6,5,2.9,7,305,1
Yvonne Mutua,F,81.9,100.0,5,4.5,5,961,0
Naomi Simiyu,F,83.5,77.0,9,4.5,1,1157,0
Kezia Simiyu,F,81.7,62.0,10,0.3,4,4321,0
Zainab Moraa,M,84.6,57.0,6,8.9,5,4862,0
Boniface Adhiambo,M,94.9,63.1,6,1.0,4,1459,0
Caroline Achieng,M,77.9,67.4,10,6.4,3,1623,0
James Waweru,M,85.6,69.6,12,7.4,1,137,0
Quinter Chebet,M,73.7,68.0,14,6.3,5,1024,0
Xavier Auma,M,96.6,59.6,5,4.3,6,1801,0
Kezia Njenga,F,64.9,54.4,3,0.1,3,373,0
Amina Odhiambo,M,100.0,55.3,10,2.2,7,1811,0
Boniface Mwangi,M,74.4,54.5,8,4.6,6,5756,0
Irene Otieno,F,53.5,78.4,5,2.5,6,2612,1
Vincent Kibet,M,76.9,68.7,3,10.0,0,247,0
Naomi Mutua,F,64.8,5.1,11,1.8,0,638,1
Brian Adhiambo,F,87.6,69.8,2,1.7,1,1930,0
Naomi Njenga,M,65.2,61.5,3,1.5,5,1346,0
Grace Waweru,F,68.3,57.7,2,2.0,5,1333,0
Robert Adhiambo,M,46.7,51.0,14,4.1,5,2260,1
Aisha Muthoni,M,68.2,78.2,1,6.1,4,2634,0
Francis Odhiambo,F,38.6,75.1,13,5.4,3,4782,1
Oliver Osei,F,51.2,44.1,4,8.2,5,1251,1
Xavier Waweru,M,86.4,65.3,1,10.9,3,4911,0
Caroline Osei,F,86.8,40.5,5,8.5,1,1240,0
Kezia Auma,F,81.4,33.2,2,0.1,6,171,1
Naomi Moraa,M,60.5,46.7,5,6.7,5,2424,0
Kezia Mwangi,M,74.3,73.5,14,1.2,1,2659,0
Aisha Owino,F,74.9,75.2,10,0.7,5,8179,0
David Adhiambo,M,57.6,67.2,9,5.1,0,3885,0
Oliver Njenga,M,97.6,71.1,8,1.9,2,7495,0
Usha Simiyu,M,88.2,67.3,0,0.3,1,7169,0
Irene Koech,M,71.7,46.5,5,0.7,5,2783,0
Kezia Kariuki,M,75.4,65.8,8,0.0,7,2251,0
Amina Moraa,M,78.1,72.4,10,11.7,2,2446,0
Francis Simiyu,M,44.4,71.6,3,0.1,1,11496,1
Vincent Adhiambo,F,71.3,79.4,10,1.2,7,4451,0
Vincent Muthoni,M,64.8,70.7,11,2.7,7,337,0
Oliver Auma,F,60.0,64.3,1,2.2,4,4521,0
Thomas Chebet,F,70.8,77.3,12,12.1,7,561,0
Oliver Muthoni,F,100.0,57.5,3,0.2,5,1779,0
Zainab Waweru,M,84.6,42.1,0,3.6,4,709,0
Brian Odhiambo,M,66.4,55.1,2,5.7,0,3510,0
James Njenga,F,83.6,44.6,9,13.4,5,6294,0
